poem_id,alpha,break_marks,possible_marks,translator_disagreement,majority_positions,morph_high_positions
1,1.000000,10,50,0,2,2 4
2,1.000000,10,50,0,,
3,0.750000,10,50,1,2,
4,1.000000,10,50,0,2,2
5,1.000000,10,50,0,,
6,1.000000,10,50,0,2,
7,1.000000,10,50,0,,
8,1.000000,10,50,0,,
9,1.000000,10,50,0,,
10,1.000000,10,50,0,,3
11,1.000000,10,50,0,,
12,1.000000,10,50,0,,
13,1.000000,10,50,0,,4
14,1.000000,10,50,0,,
15,1.000000,10,50,0,,
16,1.000000,10,50,0,,
17,0.469049,11,50,1,2,2 4
18,0.555556,10,50,1,3,3
19,0.750000,10,50,1,,
20,1.000000,10,50,0,3,3
21,1.000000,10,50,0,,3
22,0.555556,10,50,1,,
23,1.000000,10,50,0,,1
24,1.000000,10,50,0,,
25,0.750000,10,50,1,,
26,0.750000,10,50,1,,
27,1.000000,10,50,0,,
28,1.000000,10,50,0,,
29,1.000000,10,50,0,,
30,0.750000,10,50,1,2,
31,1.000000,10,50,0,,
32,0.333333,10,50,1,,
33,0.750000,10,50,1,3,3
34,0.555556,10,50,1,,
35,1.000000,10,50,0,,
36,0.333333,10,50,1,4,
37,0.333333,10,50,1,,
38,1.000000,10,50,0,3,
39,1.000000,10,50,0,,
40,1.000000,10,50,0,2,
41,1.000000,10,50,0,2,
42,0.750000,10,50,1,2,
43,1.000000,10,50,0,,
44,1.000000,10,50,0,,
45,1.000000,10,50,0,,
46,1.000000,10,50,0,,
47,0.750000,10,50,1,,
48,0.469049,11,50,1,3,
49,0.555556,10,50,1,,
50,0.220273,12,50,1,4,
51,1.000000,10,50,0,,
52,0.750000,10,50,1,2,
53,1.000000,10,50,0,,
54,0.735450,14,50,1,2,
55,0.222222,10,50,1,2,
56,1.000000,10,50,0,,
57,1.000000,10,50,0,,
58,0.555556,10,50,1,,
59,0.555556,10,50,1,2,
60,1.000000,10,50,0,,
61,0.527778,10,50,1,,
62,0.750000,10,50,1,,2
63,1.000000,10,50,0,3,
64,0.416667,10,50,1,,
65,0.361111,10,50,1,3,
66,0.750000,10,50,1,3,
67,0.750000,10,50,1,,
68,0.555556,10,50,1,,4
69,1.000000,10,50,0,,
70,1.000000,10,50,0,,
71,1.000000,10,50,0,3,
72,1.000000,10,50,0,2,2
73,0.416667,10,50,1,2,
74,0.650350,11,50,1,2,2
75,0.750000,10,50,1,,1
76,0.752426,17,50,1,3 4,
77,0.805068,12,50,1,2,2
78,1.000000,10,50,0,,
79,0.555556,10,50,1,2,2
80,0.555556,10,50,1,,
81,1.000000,10,50,0,,
82,0.235949,11,50,1,,
83,0.750000,10,50,1,3,
84,1.000000,10,50,0,,
85,1.000000,10,50,0,3,3
86,1.000000,10,50,0,,
87,1.000000,10,50,0,,
88,0.555556,10,50,1,2,
89,1.000000,10,50,0,,
90,1.000000,10,50,0,,
91,0.750000,10,50,1,,4
92,0.750000,10,50,1,2,
93,0.555556,10,50,1,3,
94,0.750000,10,50,1,3,
95,0.750000,10,50,1,3,3
96,0.750000,10,50,1,3,3
97,0.750000,10,50,1,,
98,1.000000,10,50,0,,
99,1.000000,10,50,0,,
100,1.000000,10,50,0,,
101,1.000000,10,50,0,,
102,1.000000,10,50,0,,
103,1.000000,10,50,0,,
104,1.000000,10,50,0,4,
105,1.000000,10,50,0,,
106,1.000000,10,50,0,4,
107,1.000000,10,50,0,,2
108,0.305556,10,50,1,,1
109,0.750000,10,50,1,,
110,0.650350,11,50,1,3,2 4
111,0.750000,10,50,1,2,
112,0.555556,10,50,1,2,2
113,0.750000,10,50,1,2,2
114,1.000000,10,50,0,3,1 3
115,1.000000,10,50,0,,
116,1.000000,10,50,0,,
117,0.750000,10,50,1,,
118,1.000000,10,50,0,,
119,0.171540,12,50,1,,
120,1.000000,10,50,0,,
121,0.555556,10,50,1,,
122,0.750000,10,50,1,,
123,1.000000,10,50,0,2,
124,0.750000,10,50,1,,
125,1.000000,10,50,0,3,1 3
126,1.000000,10,50,0,,
127,1.000000,10,50,0,,
128,1.000000,10,50,0,,
129,1.000000,10,50,0,,
130,0.305556,10,50,1,,
131,1.000000,10,50,0,2,
132,1.000000,10,50,0,,
133,1.000000,10,50,0,2,
134,1.000000,10,50,0,,
135,1.000000,10,50,0,3,3
136,1.000000,10,50,0,,
137,0.333333,10,50,1,,
138,0.555556,10,50,1,3,
139,1.000000,10,50,0,,1
140,1.000000,10,50,0,2,2
141,0.305556,10,50,1,,
142,1.000000,10,50,0,,
143,1.000000,10,50,0,,
144,1.000000,10,50,0,,
145,0.305556,10,50,1,,
146,1.000000,10,50,0,,
147,0.339549,11,50,1,,
148,1.000000,10,50,0,,
149,0.333333,10,50,1,,
150,1.000000,10,50,0,,
151,0.132349,11,50,1,,2
152,1.000000,10,50,0,2,
153,1.000000,10,50,0,,
154,0.235949,11,50,1,,
155,1.000000,10,50,0,,
156,1.000000,10,50,0,,
157,1.000000,10,50,0,,4
158,0.305556,10,50,1,,3
159,0.250000,10,50,1,,
160,0.750000,10,50,1,,
161,0.555556,10,50,1,2,
162,1.000000,10,50,0,,
163,0.138889,10,50,1,,
164,1.000000,10,50,0,,
165,1.000000,10,50,0,,
166,1.000000,10,50,0,,
167,0.305556,10,50,1,,2
168,1.000000,10,50,0,,
169,1.000000,10,50,0,,
170,0.750000,10,50,1,2,
171,1.000000,10,50,0,,
172,0.750000,10,50,1,,2
173,1.000000,10,50,0,,
174,0.555556,10,50,1,,
175,0.750000,10,50,1,,
176,1.000000,10,50,0,2,
177,1.000000,10,50,0,,
178,1.000000,10,50,0,2,
179,1.000000,10,50,0,,
180,1.000000,10,50,0,,
181,1.000000,10,50,0,2,
182,1.000000,10,50,0,,
183,1.000000,10,50,0,,
184,1.000000,10,50,0,,
185,1.000000,10,50,0,,
186,1.000000,10,50,0,,
187,0.555556,10,50,1,2,
188,1.000000,10,50,0,,
189,1.000000,10,50,0,,
190,1.000000,10,50,0,,
191,1.000000,10,50,0,,
192,0.750000,10,50,1,2,
193,0.750000,10,50,1,3,
194,1.000000,10,50,0,,
195,1.000000,10,50,0,,
196,0.650350,11,50,1,2,
197,1.000000,10,50,0,,
198,1.000000,10,50,0,,
199,0.750000,10,50,1,3,
200,1.000000,10,50,0,,
201,1.000000,10,50,0,2,2
202,1.000000,10,50,0,3,3
203,0.750000,10,50,1,,
204,1.000000,10,50,0,,
205,0.750000,10,50,1,,
206,1.000000,10,50,0,,
207,1.000000,10,50,0,3,
208,1.000000,10,50,0,,
209,1.000000,10,50,0,2,2
210,0.555556,10,50,1,,
211,0.750000,10,50,1,,
212,1.000000,10,50,0,,
213,0.555556,10,50,1,,4
214,0.750000,10,50,1,3,3
215,0.750000,10,50,1,,
216,1.000000,10,50,0,,
217,1.000000,10,50,0,,
218,1.000000,10,50,0,2,2
219,1.000000,10,50,0,,
220,0.333333,10,50,1,2,2
221,1.000000,10,50,0,3,1 3
222,1.000000,10,50,0,3,3
223,1.000000,10,50,0,2,
224,0.555556,10,50,1,4,
225,0.333333,10,50,1,3,
226,0.342105,12,50,1,2,
227,0.750000,10,50,1,3,
228,0.356308,17,50,1,2 4,2
229,1.000000,10,50,0,,
230,1.000000,10,50,0,,
231,1.000000,10,50,0,3,
232,1.000000,10,50,0,,
233,0.555556,10,50,1,2,
234,1.000000,10,50,0,,
235,0.333333,10,50,1,2,1
236,0.750000,10,50,1,,
237,0.750000,10,50,1,3,3
238,1.000000,10,50,0,2,2
239,1.000000,10,50,0,2,
240,1.000000,10,50,0,2,
241,1.000000,10,50,0,2,2
242,1.000000,10,50,0,2,
243,0.222222,10,50,1,2,4
244,1.000000,10,50,0,,2
245,0.333333,10,50,1,3,
246,0.555556,10,50,1,4,
247,0.750000,10,50,1,2,2
248,0.750000,10,50,1,,
249,1.000000,10,50,0,,
250,0.750000,10,50,1,,
251,1.000000,10,50,0,,
252,0.750000,10,50,1,2,
253,1.000000,10,50,0,,4
254,0.333333,10,50,1,,1 4
255,1.000000,10,50,0,,
256,1.000000,10,50,0,,
257,1.000000,10,50,0,,
258,1.000000,10,50,0,,
259,1.000000,10,50,0,,
260,1.000000,10,50,0,,
261,1.000000,10,50,0,,
262,1.000000,10,50,0,,1
263,1.000000,10,50,0,,
264,1.000000,10,50,0,,
265,1.000000,10,50,0,,
266,0.750000,10,50,1,2,2
267,1.000000,10,50,0,,
268,0.750000,10,50,1,3,3 4
269,1.000000,10,50,0,,
270,0.555556,10,50,1,3,2
271,0.416667,10,50,1,,
272,0.650350,11,50,1,,
273,0.555556,10,50,1,,1
274,1.000000,10,50,0,,
275,1.000000,10,50,0,,
276,1.000000,10,50,0,3,3
277,0.750000,10,50,1,2,2
278,1.000000,10,50,0,,
279,0.416667,10,50,1,3,2
280,1.000000,10,50,0,,
281,1.000000,10,50,0,,
282,0.750000,10,50,1,4,3
283,1.000000,10,50,0,4,
284,0.750000,10,50,1,3,2
285,0.305556,10,50,1,,2 4
286,1.000000,10,50,0,,
287,0.555556,10,50,1,2,1 3
288,1.000000,10,50,0,,2
289,1.000000,10,50,0,,
290,1.000000,10,50,0,,
291,0.555556,10,50,1,3,
292,1.000000,10,50,0,,2
293,1.000000,10,50,0,,
294,0.416667,10,50,1,2,1
295,0.555556,10,50,1,2,
296,1.000000,10,50,0,,4
297,1.000000,10,50,0,,
298,1.000000,10,50,0,,
299,1.000000,10,50,0,,
300,1.000000,10,50,0,,2
301,1.000000,10,50,0,,
302,1.000000,10,50,0,,
303,0.750000,10,50,1,,
304,0.416667,10,50,1,,
305,0.555556,10,50,1,2,2
306,1.000000,10,50,0,,1
307,1.000000,10,50,0,,
308,1.000000,10,50,0,,
309,1.000000,10,50,0,3,3
310,0.750000,10,50,1,,
311,0.555556,10,50,1,,2
312,0.750000,10,50,1,,
313,0.750000,10,50,1,2,2
314,0.555556,10,50,1,2,2
315,0.555556,10,50,1,3,
316,1.000000,10,50,0,,
317,1.000000,10,50,0,2,2
318,1.000000,10,50,0,2,
319,1.000000,10,50,0,2,
320,1.000000,10,50,0,2,
321,1.000000,10,50,0,,
322,1.000000,10,50,0,3,3 4
323,1.000000,10,50,0,,
324,1.000000,10,50,0,,4
325,0.750000,10,50,1,3,
326,1.000000,10,50,0,,
327,1.000000,10,50,0,,
328,1.000000,10,50,0,,
329,1.000000,10,50,0,,
330,1.000000,10,50,0,,
331,1.000000,10,50,0,,
332,1.000000,10,50,0,,
333,1.000000,10,50,0,2,2
334,1.000000,10,50,0,2,
335,0.305556,10,50,1,,4
336,1.000000,10,50,0,,
337,1.000000,10,50,0,3,
338,0.750000,10,50,1,,
339,1.000000,10,50,0,,
340,1.000000,10,50,0,,
341,0.555556,10,50,1,,
342,1.000000,10,50,0,2,2
343,0.333333,10,50,1,2,
344,1.000000,10,50,0,,
345,1.000000,10,50,0,,
346,0.750000,10,50,1,,
347,1.000000,10,50,0,,
348,0.555556,10,50,1,2,
349,0.650350,11,50,1,2,2
350,0.750000,10,50,1,,
351,1.000000,10,50,0,,
352,1.000000,10,50,0,,
353,1.000000,10,50,0,,
354,0.361111,10,50,1,,4
355,0.555556,10,50,1,,
356,0.750000,10,50,1,3,
357,1.000000,10,50,0,,
358,0.416667,10,50,1,,
359,1.000000,10,50,0,,
360,1.000000,10,50,0,,
361,0.750000,10,50,1,3,1
362,0.555556,10,50,1,,
363,1.000000,10,50,0,,
364,1.000000,10,50,0,,
365,1.000000,10,50,0,,
366,0.750000,10,50,1,,1
367,1.000000,10,50,0,,
368,1.000000,10,50,0,,
369,1.000000,10,50,0,,4
370,0.555556,10,50,1,,
371,0.750000,10,50,1,,
372,1.000000,10,50,0,,
373,1.000000,10,50,0,,
374,0.750000,10,50,1,,
375,1.000000,10,50,0,2,2
376,1.000000,10,50,0,,
377,0.537037,18,50,1,1 2,2
378,1.000000,10,50,0,,
379,1.000000,10,50,0,,
380,1.000000,10,50,0,,2
381,1.000000,10,50,0,,
382,0.194444,10,50,1,,
383,1.000000,10,50,0,2,2
384,0.555556,10,50,1,,
385,0.111111,10,50,1,,2
386,1.000000,10,50,0,,
387,1.000000,10,50,0,,2
388,0.416667,10,50,1,,
389,1.000000,10,50,0,,
390,1.000000,10,50,0,2,
391,1.000000,10,50,0,,
392,0.750000,10,50,1,3,3
393,0.555556,10,50,1,3,
394,0.555556,10,50,1,3,3
395,1.000000,10,50,0,3,3
396,0.416667,10,50,1,3,3
397,1.000000,10,50,0,,
398,1.000000,10,50,0,,1
399,1.000000,10,50,0,2,
400,1.000000,10,50,0,,
401,0.750000,10,50,1,,4
402,0.750000,10,50,1,2,2
403,0.555556,10,50,1,2,1 2
404,1.000000,10,50,0,,
405,1.000000,10,50,0,,
406,1.000000,10,50,0,,
407,0.555556,10,50,1,,4
408,0.087549,13,50,1,,4
409,1.000000,10,50,0,,4
410,1.000000,10,50,0,,
411,0.261849,11,50,1,,2
412,0.750000,10,50,1,2,1
413,1.000000,10,50,0,3,1
414,1.000000,10,50,0,,
415,1.000000,10,50,0,,1
416,1.000000,10,50,0,,
417,1.000000,10,50,0,,
418,0.555556,10,50,1,3,
419,1.000000,10,50,0,,2
420,1.000000,10,50,0,,
421,1.000000,10,50,0,,
422,1.000000,10,50,0,,
423,0.416667,10,50,1,,
424,1.000000,10,50,0,3,1
425,1.000000,10,50,0,3,
426,1.000000,10,50,0,3,3
427,1.000000,10,50,0,,
428,0.416667,10,50,1,,
429,0.555556,10,50,1,3,3
430,1.000000,10,50,0,,
431,1.000000,10,50,0,,
432,1.000000,10,50,0,1,1 4
433,1.000000,10,50,0,,
434,1.000000,10,50,0,,
435,1.000000,10,50,0,,
436,0.555556,10,50,1,2,
437,1.000000,10,50,0,,
438,1.000000,10,50,0,,
439,1.000000,10,50,0,,
440,1.000000,10,50,0,2,2
441,1.000000,10,50,0,,
442,1.000000,10,50,0,3,
443,1.000000,10,50,0,2,
444,1.000000,10,50,0,3,3
445,1.000000,10,50,0,3,
446,1.000000,10,50,0,,
447,1.000000,10,50,0,3,
448,1.000000,10,50,0,,
449,1.000000,10,50,0,3,3
450,1.000000,10,50,0,,
451,0.750000,10,50,1,,
452,0.333333,10,50,1,,2 4
453,1.000000,10,50,0,,
454,0.555556,10,50,1,3,
455,0.613785,17,50,1,1 2,1 2
456,1.000000,10,50,0,,
457,1.000000,10,50,0,,1 4
458,0.750000,10,50,1,3,3
459,0.750000,10,50,1,3,
460,0.416667,10,50,1,3,3
461,1.000000,10,50,0,,
462,1.000000,10,50,0,,
463,1.000000,10,50,0,3,3
464,1.000000,10,50,0,3,
465,1.000000,10,50,0,,
466,0.555556,10,50,1,,
467,1.000000,10,50,0,,
468,1.000000,10,50,0,,
469,0.339549,11,50,1,,
470,1.000000,10,50,0,,
471,1.000000,10,50,0,,
472,1.000000,10,50,0,,
473,1.000000,10,50,0,,
474,0.750000,10,50,1,2,2
475,0.750000,10,50,1,2,2
476,1.000000,10,50,0,,
477,1.000000,10,50,0,3,3
478,1.000000,10,50,0,,
479,1.000000,10,50,0,,
480,0.750000,10,50,1,,
481,1.000000,10,50,0,,
482,0.555556,10,50,1,,
483,1.000000,10,50,0,,
484,0.750000,10,50,1,3,3
485,1.000000,10,50,0,4,
486,1.000000,10,50,0,,
487,1.000000,10,50,0,,1
488,1.000000,10,50,0,3,
489,1.000000,10,50,0,,
490,0.750000,10,50,1,,
491,0.555556,10,50,1,,
492,0.210049,11,50,1,4,4
493,0.750000,10,50,1,,
494,0.750000,10,50,1,4,4
495,1.000000,10,50,0,,4
496,0.750000,10,50,1,2,2
497,1.000000,10,50,0,4,4
498,1.000000,10,50,0,,
499,0.750000,10,50,1,,
500,1.000000,10,50,0,,
501,1.000000,10,50,0,,
502,1.000000,10,50,0,,
503,1.000000,10,50,0,3,
504,1.000000,10,50,0,2,
505,1.000000,10,50,0,4,
506,0.416667,10,50,1,,
507,1.000000,10,50,0,3,2
508,1.000000,10,50,0,2,2
509,0.750000,10,50,1,,
510,0.750000,10,50,1,,
511,1.000000,10,50,0,3,3
512,1.000000,10,50,0,3,
513,0.750000,10,50,1,,
514,0.750000,10,50,1,,
515,1.000000,10,50,0,,
516,1.000000,10,50,0,3,
517,1.000000,10,50,0,,
518,0.416667,10,50,1,2,
519,0.333333,10,50,1,2,
520,0.750000,10,50,1,2,2
521,1.000000,10,50,0,,
522,0.750000,10,50,1,,
523,0.750000,10,50,1,,1
524,0.555556,10,50,1,3,
525,1.000000,10,50,0,,
526,1.000000,10,50,0,2,
527,1.000000,10,50,0,,
528,1.000000,10,50,0,3,3
529,1.000000,10,50,0,,
530,1.000000,10,50,0,,
531,1.000000,10,50,0,,
532,0.555556,10,50,1,,
533,0.750000,10,50,1,,
534,1.000000,10,50,0,,
535,1.000000,10,50,0,,
536,0.555556,10,50,1,,
537,0.416667,10,50,1,,
538,0.305556,10,50,1,,
539,1.000000,10,50,0,,
540,0.750000,10,50,1,2,2
541,1.000000,10,50,0,2,2
542,0.750000,10,50,1,,
543,1.000000,10,50,0,,
544,0.750000,10,50,1,,
545,1.000000,10,50,0,,
546,1.000000,10,50,0,,
547,1.000000,10,50,0,3,3
548,1.000000,10,50,0,,2
549,1.000000,10,50,0,2,1
550,1.000000,10,50,0,3,
551,0.361111,10,50,1,,4
552,1.000000,10,50,0,3,3
553,1.000000,10,50,0,,
554,1.000000,10,50,0,,
555,0.250000,10,50,1,4,4
556,0.750000,10,50,1,,
557,1.000000,10,50,0,4,
558,1.000000,10,50,0,,
559,1.000000,10,50,0,,
560,0.305556,10,50,1,,
561,1.000000,10,50,0,,
562,1.000000,10,50,0,,
563,0.750000,10,50,1,,
564,0.555556,10,50,1,,
565,0.750000,10,50,1,,
566,0.750000,10,50,1,,4
567,0.750000,10,50,1,,
568,1.000000,10,50,0,,
569,1.000000,10,50,0,,
570,0.750000,10,50,1,3,
571,1.000000,10,50,0,,
572,1.000000,10,50,0,,
573,1.000000,10,50,0,,2
574,1.000000,10,50,0,2,
575,1.000000,10,50,0,,
576,1.000000,10,50,0,,
577,0.750000,10,50,1,,
578,0.138889,10,50,1,,
579,0.416667,10,50,1,,
580,1.000000,10,50,0,,
581,1.000000,10,50,0,,
582,0.305556,10,50,1,,
583,0.750000,10,50,1,,
584,1.000000,10,50,0,,
585,1.000000,10,50,0,,1
586,1.000000,10,50,0,,
587,0.555556,10,50,1,,1
588,1.000000,10,50,0,,
589,1.000000,10,50,0,,
590,1.000000,10,50,0,,
591,0.305556,10,50,1,,
592,0.555556,10,50,1,,
593,0.750000,10,50,1,,
594,0.750000,10,50,1,,
595,0.750000,10,50,1,,
596,1.000000,10,50,0,,
597,1.000000,10,50,0,,
598,1.000000,10,50,0,,2
599,1.000000,10,50,0,,
600,1.000000,10,50,0,2,2
601,0.750000,10,50,1,,
602,0.750000,10,50,1,,
603,1.000000,10,50,0,2,2
604,0.750000,10,50,1,,
605,0.527778,10,50,1,,
606,1.000000,10,50,0,3,3
607,1.000000,10,50,0,2,
608,1.000000,10,50,0,,
609,1.000000,10,50,0,,
610,1.000000,10,50,0,,
611,1.000000,10,50,0,3,3
612,1.000000,10,50,0,2,
613,0.555556,10,50,1,2,
614,1.000000,10,50,0,,
615,0.351852,20,50,1,2 3,
616,1.000000,10,50,0,,
617,0.333333,10,50,1,,2
618,0.750000,10,50,1,2,2
619,0.416667,10,50,1,,3
620,1.000000,10,50,0,,
621,0.750000,10,50,1,,
622,0.750000,10,50,1,,
623,0.750000,10,50,1,,
624,0.750000,10,50,1,,
625,0.750000,10,50,1,,
626,0.750000,10,50,1,,
627,1.000000,10,50,0,,2
628,0.555556,10,50,1,,
629,0.305556,10,50,1,,
630,0.416667,10,50,1,,
631,0.750000,10,50,1,3,
632,1.000000,10,50,0,,
633,1.000000,10,50,0,,
634,0.555556,10,50,1,2,
635,1.000000,10,50,0,2,
636,1.000000,10,50,0,2,
637,0.527778,10,50,1,,
638,1.000000,10,50,0,,
639,1.000000,10,50,0,,
640,1.000000,10,50,0,,
641,0.305556,10,50,1,,
642,1.000000,10,50,0,,
643,1.000000,10,50,0,3,
644,1.000000,10,50,0,,
645,0.134199,22,50,1,3 4,
646,0.750000,10,50,1,3,
647,1.000000,10,50,0,,
648,1.000000,10,50,0,,
649,0.735450,15,50,1,2,
650,1.000000,10,50,0,,
651,1.000000,10,50,0,,
652,1.000000,10,50,0,2,
653,1.000000,10,50,0,,
654,1.000000,10,50,0,,
655,1.000000,10,50,0,,
656,1.000000,10,50,0,2,
657,1.000000,10,50,0,3,
658,1.000000,10,50,0,,
659,1.000000,10,50,0,,
660,1.000000,10,50,0,,
661,0.555556,10,50,1,2,
662,1.000000,10,50,0,,
663,1.000000,10,50,0,,
664,1.000000,10,50,0,,
665,1.000000,10,50,0,,
666,0.750000,10,50,1,2,
667,0.613785,17,50,1,2 4,
668,1.000000,10,50,0,,
669,1.000000,10,50,0,3,
670,1.000000,10,50,0,,
671,0.333333,10,50,1,,
672,1.000000,10,50,0,,
673,0.555556,10,50,1,,
674,0.416667,10,50,1,,
675,1.000000,10,50,0,,
676,0.750000,10,50,1,,
677,1.000000,10,50,0,,
678,1.000000,10,50,0,3,
679,1.000000,10,50,0,,
680,1.000000,10,50,0,,
681,1.000000,10,50,0,2,
682,0.416667,10,50,1,4,
683,0.555556,10,50,1,,
684,0.555556,10,50,1,,
685,0.750000,10,50,1,3,
686,1.000000,10,50,0,,
687,1.000000,10,50,0,,
688,1.000000,10,50,0,,
689,1.000000,10,50,0,,
690,0.527778,10,50,1,,
691,1.000000,10,50,0,,
692,1.000000,10,50,0,4,
693,0.333333,10,50,1,2,
694,0.555556,10,50,1,,
695,0.544974,15,50,1,2,
696,0.333333,10,50,1,,
697,0.750000,10,50,1,,
698,1.000000,10,50,0,3,
699,1.000000,10,50,0,,
700,1.000000,10,50,0,3,
701,1.000000,10,50,0,,
702,1.000000,10,50,0,,
703,1.000000,10,50,0,,
704,0.750000,10,50,1,,
705,0.750000,10,50,1,,
706,1.000000,10,50,0,,
707,0.555556,10,50,1,,
708,1.000000,10,50,0,,
709,0.750000,10,50,1,,
710,1.000000,10,50,0,,
711,1.000000,10,50,0,2,
712,1.000000,10,50,0,,
713,1.000000,10,50,0,,
714,0.555556,10,50,1,,
715,1.000000,10,50,0,2,
716,1.000000,10,50,0,,
717,1.000000,10,50,0,3,
718,1.000000,10,50,0,,
719,0.291005,15,50,1,2,
720,1.000000,10,50,0,,
721,0.305556,10,50,1,,
722,1.000000,10,50,0,2,
723,1.000000,10,50,0,,
724,1.000000,10,50,0,,
725,0.416667,10,50,1,,
726,0.555556,10,50,1,3,
727,0.750000,10,50,1,,
728,1.000000,10,50,0,,
729,1.000000,10,50,0,,
730,0.555556,10,50,1,,
731,0.333333,10,50,1,2,
732,0.750000,10,50,1,,
733,0.750000,10,50,1,,
734,0.750000,10,50,1,3,
735,1.000000,10,50,0,,
736,0.750000,10,50,1,3,
737,1.000000,10,50,0,,
738,0.750000,10,50,1,3,
739,0.650350,11,50,1,2,
740,1.000000,10,50,0,,
741,1.000000,10,50,0,,
742,1.000000,10,50,0,,
743,0.750000,10,50,1,3,
744,0.750000,10,50,1,3,
745,0.305556,10,50,1,,
746,1.000000,10,50,0,2,
747,0.613785,17,50,1,1 3,
748,0.305556,10,50,1,,
749,1.000000,10,50,0,2,
750,1.000000,10,50,0,3,
751,1.000000,10,50,0,,
752,1.000000,10,50,0,,
753,0.416667,10,50,1,3,
754,0.333333,10,50,1,,
755,1.000000,10,50,0,,
756,1.000000,10,50,0,,
757,0.750000,10,50,1,,
758,0.555556,10,50,1,,
759,0.750000,10,50,1,,
760,0.416667,10,50,1,3,
761,0.555556,10,50,1,,
762,1.000000,10,50,0,,
763,1.000000,10,50,0,,
764,1.000000,10,50,0,,
765,0.555556,10,50,1,2,
766,0.750000,10,50,1,,
767,0.750000,10,50,1,,
768,1.000000,10,50,0,3,
769,1.000000,10,50,0,,
770,0.750000,10,50,1,3,
771,1.000000,10,50,0,,
772,1.000000,10,50,0,,
773,1.000000,10,50,0,2,
774,1.000000,10,50,0,,
775,0.672068,18,50,1,2 4,
776,1.000000,10,50,0,3,
777,1.000000,10,50,0,,
778,0.750000,10,50,1,2,
779,1.000000,10,50,0,3,
780,0.555556,10,50,1,2,
781,0.333333,10,50,1,,
782,0.750000,10,50,1,,
783,1.000000,10,50,0,,
784,0.750000,10,50,1,3,
785,1.000000,10,50,0,,
786,1.000000,10,50,0,,
787,1.000000,10,50,0,,
788,1.000000,10,50,0,,
789,1.000000,10,50,0,3,
790,0.555556,10,50,1,3,
791,1.000000,10,50,0,,
792,1.000000,10,50,0,,
793,1.000000,10,50,0,,
794,1.000000,10,50,0,,
795,1.000000,10,50,0,,
796,0.750000,10,50,1,2,
797,1.000000,10,50,0,,
798,0.750000,10,50,1,3,
799,0.750000,10,50,1,3,
800,1.000000,10,50,0,,
801,1.000000,10,50,0,,
802,1.000000,10,50,0,,
803,1.000000,10,50,0,,
804,0.416667,10,50,1,3,
805,1.000000,10,50,0,,
806,1.000000,10,50,0,,
807,1.000000,10,50,0,,
808,0.416667,10,50,1,,
809,1.000000,10,50,0,,
810,1.000000,10,50,0,,
811,0.750000,10,50,1,4,
812,1.000000,10,50,0,,
813,1.000000,10,50,0,,
814,0.555556,10,50,1,3,
815,1.000000,10,50,0,,
816,1.000000,10,50,0,,
817,1.000000,10,50,0,,
818,0.750000,10,50,1,,
819,0.750000,10,50,1,,
820,0.750000,10,50,1,,
821,1.000000,10,50,0,,
822,0.750000,10,50,1,3,
823,1.000000,10,50,0,,
824,0.333333,10,50,1,,
825,1.000000,10,50,0,,
826,1.000000,10,50,0,,
827,0.750000,10,50,1,3,
828,0.555556,10,50,1,,
829,0.750000,10,50,1,2,
830,0.555556,10,50,1,2,
831,0.750000,10,50,1,3,
832,1.000000,10,50,0,,
833,1.000000,10,50,0,2,
834,1.000000,10,50,0,2,
835,1.000000,10,50,0,3,
836,1.000000,10,50,0,3,
837,0.750000,10,50,1,,
838,1.000000,10,50,0,,
839,1.000000,10,50,0,3,
840,1.000000,10,50,0,,
841,1.000000,10,50,0,,
842,0.750000,10,50,1,,
843,0.333333,10,50,1,3,
844,0.750000,10,50,1,,
845,1.000000,10,50,0,,
846,1.000000,10,50,0,,
847,0.750000,10,50,1,3,
848,1.000000,10,50,0,2,
849,1.000000,10,50,0,,
850,1.000000,10,50,0,3,
851,1.000000,10,50,0,,
852,1.000000,10,50,0,,
853,1.000000,10,50,0,,
854,0.750000,10,50,1,3,
855,1.000000,10,50,0,,
856,1.000000,10,50,0,2,
857,1.000000,10,50,0,,
858,1.000000,10,50,0,,
859,1.000000,10,50,0,,
860,1.000000,10,50,0,3,
861,1.000000,10,50,0,,
862,1.000000,10,50,0,3,
863,0.750000,10,50,1,2,
864,1.000000,10,50,0,,
865,1.000000,10,50,0,2,
866,1.000000,10,50,0,,
867,1.000000,10,50,0,,
868,1.000000,10,50,0,,
869,0.750000,10,50,1,3,
870,1.000000,10,50,0,,
871,1.000000,10,50,0,,
872,1.000000,10,50,0,3,
873,0.261849,11,50,1,3,
874,0.555556,10,50,1,2,
875,1.000000,10,50,0,,
876,1.000000,10,50,0,,
877,0.750000,10,50,1,2,
878,0.750000,10,50,1,2,
879,0.555556,10,50,1,2,
880,0.750000,10,50,1,2,
881,1.000000,10,50,0,,
882,1.000000,10,50,0,,
883,0.750000,10,50,1,,
884,1.000000,10,50,0,3,
885,1.000000,10,50,0,,
886,0.750000,10,50,1,,
887,1.000000,10,50,0,,
888,1.000000,10,50,0,,
889,1.000000,10,50,0,,
890,1.000000,10,50,0,,
891,0.416667,10,50,1,,
892,1.000000,10,50,0,,
893,1.000000,10,50,0,,
894,1.000000,10,50,0,,
895,1.000000,10,50,0,,
896,0.555556,10,50,1,2,
897,1.000000,10,50,0,,
898,0.544974,15,50,1,3,
899,0.750000,10,50,1,3,
900,0.555556,10,50,1,,
901,0.555556,10,50,1,3,
902,0.416667,10,50,1,,
903,1.000000,10,50,0,3,
904,0.585770,12,50,1,4,
905,0.555556,10,50,1,2,
906,1.000000,10,50,0,,
907,1.000000,10,50,0,,
908,0.750000,10,50,1,2,
909,0.555556,10,50,1,2,
910,0.416667,10,50,1,,
911,1.000000,10,50,0,,
912,0.750000,10,50,1,,
913,0.750000,10,50,1,2,
914,0.750000,10,50,1,,
915,1.000000,10,50,0,,
916,1.000000,10,50,0,,
917,0.750000,10,50,1,3,
918,1.000000,10,50,0,,
919,1.000000,10,50,0,,
920,1.000000,10,50,0,,
921,1.000000,10,50,0,,
922,1.000000,10,50,0,,
923,0.593979,17,50,1,2 4,
924,0.333333,10,50,1,3,
925,0.750000,10,50,1,,
926,1.000000,10,50,0,,
927,1.000000,10,50,0,,
928,1.000000,10,50,0,4,
929,1.000000,10,50,0,,
930,0.333333,10,50,1,,
931,0.333333,10,50,1,,
932,1.000000,10,50,0,,
933,1.000000,10,50,0,2,
934,1.000000,10,50,0,,
935,0.555556,10,50,1,,
936,0.295449,13,50,1,4,
937,1.000000,10,50,0,,
938,1.000000,10,50,0,,
939,1.000000,10,50,0,,
940,1.000000,10,50,0,,
941,1.000000,10,50,0,,
942,0.745331,19,50,1,2 4,
943,0.469049,11,50,1,3,
944,1.000000,10,50,0,,
945,1.000000,10,50,0,,
946,0.754902,16,50,1,1 2,
947,0.750000,10,50,1,2,
948,0.416667,10,50,1,3,
949,0.750000,10,50,1,,
950,1.000000,10,50,0,3,
951,1.000000,10,50,0,2,
952,1.000000,10,50,0,,
953,1.000000,10,50,0,3,
954,1.000000,10,50,0,2,
955,1.000000,10,50,0,,
956,1.000000,10,50,0,,
957,1.000000,10,50,0,2,
958,1.000000,10,50,0,,
959,1.000000,10,50,0,,
960,1.000000,10,50,0,,
961,1.000000,10,50,0,1,
962,1.000000,10,50,0,,
963,1.000000,10,50,0,3,
964,1.000000,10,50,0,,
965,1.000000,10,50,0,,
966,0.555556,10,50,1,3,
967,1.000000,10,50,0,,
968,1.000000,10,50,0,,
969,1.000000,10,50,0,2,
970,0.750000,10,50,1,2,
971,1.000000,10,50,0,,
972,1.000000,10,50,0,3,
973,1.000000,10,50,0,,
974,1.000000,10,50,0,3,
975,1.000000,10,50,0,3,
976,0.333333,10,50,1,,
977,1.000000,10,50,0,2,
978,0.750000,10,50,1,3,
979,1.000000,10,50,0,,
980,1.000000,10,50,0,,
981,0.750000,10,50,1,2,
982,0.750000,10,50,1,2,
983,0.415205,12,50,1,3,
984,0.613785,17,50,1,1 3,
985,1.000000,10,50,0,,
986,1.000000,10,50,0,,
987,1.000000,10,50,0,3,
988,1.000000,10,50,0,,
989,1.000000,10,50,0,,
990,1.000000,10,50,0,,
991,1.000000,10,50,0,2,
992,0.555556,10,50,1,3,
993,1.000000,10,50,0,,
994,0.750000,10,50,1,,
995,0.305556,10,50,1,,
996,1.000000,10,50,0,,
997,1.000000,10,50,0,,
998,1.000000,10,50,0,,
999,1.000000,10,50,0,,
1000,1.000000,10,50,0,,
