poem_id,count_1,count_2,count_3,count_4,count_5,max_agreement,max_position
1,0,11,0,1,0,11,2
2,0,0,0,0,11,11,5
3,0,9,0,0,2,9,2
4,0,11,0,0,0,11,2
5,0,0,0,0,11,11,5
6,0,10,0,0,1,10,2
7,0,0,0,0,11,11,5
8,0,0,0,0,11,11,5
9,0,0,0,0,11,11,5
10,0,0,1,0,10,10,5
11,0,0,0,0,11,11,5
12,0,0,0,0,11,11,5
13,0,0,0,1,10,10,5
14,0,0,0,0,11,11,5
15,0,0,0,0,11,11,5
16,0,0,0,0,11,11,5
17,0,9,0,2,2,9,2
18,0,0,9,0,2,9,3
19,0,0,1,0,10,10,5
20,0,0,11,0,0,11,3
21,0,0,1,0,10,10,5
22,0,2,0,0,9,9,5
23,1,0,0,0,10,10,5
24,0,0,0,0,11,11,5
25,0,1,0,0,10,10,5
26,0,1,0,0,10,10,5
27,0,0,0,0,11,11,5
28,0,0,0,0,11,11,5
29,0,0,0,0,11,11,5
30,0,9,0,0,2,9,2
31,0,0,0,0,11,11,5
32,0,4,0,0,7,7,5
33,0,0,10,0,1,10,3
34,0,2,0,0,9,9,5
35,0,0,0,0,11,11,5
36,0,0,0,6,5,6,4
37,0,4,0,0,7,7,5
38,0,0,10,0,1,10,3
39,0,0,0,0,11,11,5
40,0,10,0,0,1,10,2
41,0,10,0,0,1,10,2
42,0,9,0,0,2,9,2
43,0,0,0,0,11,11,5
44,0,0,0,0,11,11,5
45,0,0,0,0,11,11,5
46,0,0,0,0,11,11,5
47,0,1,0,0,10,10,5
48,0,1,8,0,3,8,3
49,0,0,2,0,9,9,5
50,0,0,2,6,5,6,4
51,0,0,0,0,11,11,5
52,0,9,0,0,2,9,2
53,0,0,0,0,11,11,5
54,0,10,0,4,1,10,2
55,0,6,2,0,3,6,2
56,0,0,0,0,11,11,5
57,0,0,0,0,11,11,5
58,0,2,0,0,9,9,5
59,0,8,0,0,3,8,2
60,0,0,0,0,11,11,5
61,1,1,0,0,9,9,5
62,0,2,0,0,9,9,5
63,0,0,10,0,1,10,3
64,0,0,3,0,8,8,5
65,0,1,7,0,3,7,3
66,0,0,9,0,2,9,3
67,0,0,0,1,10,10,5
68,0,0,2,1,8,8,5
69,0,0,0,0,11,11,5
70,0,0,0,0,11,11,5
71,0,0,10,0,1,10,3
72,0,11,0,0,0,11,2
73,0,7,0,0,4,7,2
74,1,10,0,0,1,10,2
75,1,1,0,0,9,9,5
76,0,0,9,8,1,9,3
77,2,11,0,0,0,11,2
78,0,0,0,0,11,11,5
79,0,9,0,0,2,9,2
80,0,0,2,0,9,9,5
81,0,0,0,0,11,11,5
82,0,5,5,0,2,5,2
83,0,0,9,0,2,9,3
84,0,0,0,0,11,11,5
85,0,0,11,0,0,11,3
86,0,0,0,0,11,11,5
87,0,0,0,0,11,11,5
88,0,8,0,0,3,8,2
89,0,0,0,0,11,11,5
90,0,0,0,0,11,11,5
91,0,0,0,2,9,9,5
92,0,9,0,0,2,9,2
93,0,0,8,0,3,8,3
94,0,0,9,0,2,9,3
95,0,0,10,0,1,10,3
96,0,0,10,0,1,10,3
97,0,0,1,0,10,10,5
98,0,0,0,0,11,11,5
99,0,0,0,0,11,11,5
100,0,0,0,0,11,11,5
101,0,0,0,0,11,11,5
102,0,0,0,0,11,11,5
103,0,0,0,0,11,11,5
104,0,0,0,10,1,10,4
105,0,0,0,0,11,11,5
106,0,0,0,10,1,10,4
107,0,1,0,0,10,10,5
108,1,0,5,0,5,5,3
109,0,0,0,1,10,10,5
110,0,2,9,1,1,9,3
111,0,9,0,0,2,9,2
112,0,9,0,0,2,9,2
113,0,10,0,0,1,10,2
114,1,0,11,0,0,11,3
115,0,0,0,0,11,11,5
116,0,0,0,0,11,11,5
117,0,0,1,0,10,10,5
118,0,0,0,0,11,11,5
119,0,1,1,5,6,6,5
120,0,0,0,0,11,11,5
121,0,2,0,0,9,9,5
122,0,0,0,1,10,10,5
123,0,10,0,0,1,10,2
124,0,1,0,0,10,10,5
125,1,0,11,0,0,11,3
126,0,0,0,0,11,11,5
127,0,0,0,0,11,11,5
128,0,0,0,0,11,11,5
129,0,0,0,0,11,11,5
130,0,5,0,0,6,6,5
131,0,10,0,0,1,10,2
132,0,0,0,0,11,11,5
133,0,10,0,0,1,10,2
134,0,0,0,0,11,11,5
135,0,0,11,0,0,11,3
136,0,0,0,0,11,11,5
137,0,0,4,0,7,7,5
138,0,0,8,0,3,8,3
139,1,0,0,0,10,10,5
140,0,11,0,0,0,11,2
141,0,0,5,0,6,6,5
142,0,0,0,0,11,11,5
143,0,0,0,0,11,11,5
144,0,0,0,0,11,11,5
145,0,5,0,0,6,6,5
146,0,0,0,0,11,11,5
147,3,0,0,1,8,8,5
148,0,0,0,0,11,11,5
149,0,0,4,0,7,7,5
150,0,0,0,0,11,11,5
151,0,4,5,0,3,5,3
152,0,10,0,0,1,10,2
153,0,0,0,0,11,11,5
154,1,5,0,0,6,6,5
155,0,0,0,0,11,11,5
156,0,0,0,0,11,11,5
157,0,0,0,1,10,10,5
158,0,0,6,0,5,6,3
159,0,0,3,1,7,7,5
160,0,0,1,0,10,10,5
161,0,8,0,0,3,8,2
162,0,0,0,0,11,11,5
163,0,5,3,0,3,5,2
164,0,0,0,0,11,11,5
165,0,0,0,0,11,11,5
166,0,0,0,0,11,11,5
167,0,6,0,0,5,6,2
168,0,0,0,0,11,11,5
169,0,0,0,0,11,11,5
170,0,9,0,0,2,9,2
171,0,0,0,0,11,11,5
172,0,2,0,0,9,9,5
173,0,0,0,0,11,11,5
174,0,0,2,0,9,9,5
175,0,0,1,0,10,10,5
176,0,10,0,0,1,10,2
177,0,0,0,0,11,11,5
178,0,10,0,0,1,10,2
179,0,0,0,0,11,11,5
180,0,0,0,0,11,11,5
181,0,10,0,0,1,10,2
182,0,0,0,0,11,11,5
183,0,0,0,0,11,11,5
184,0,0,0,0,11,11,5
185,0,0,0,0,11,11,5
186,0,0,0,0,11,11,5
187,0,8,0,0,3,8,2
188,0,0,0,0,11,11,5
189,0,0,0,0,11,11,5
190,0,0,0,0,11,11,5
191,0,0,0,0,11,11,5
192,0,9,0,0,2,9,2
193,0,0,9,0,2,9,3
194,0,0,0,0,11,11,5
195,0,0,0,0,11,11,5
196,1,9,0,0,2,9,2
197,0,0,0,0,11,11,5
198,0,0,0,0,11,11,5
199,0,0,9,0,2,9,3
200,0,0,0,0,11,11,5
201,0,11,0,0,0,11,2
202,0,0,11,0,0,11,3
203,0,0,1,0,10,10,5
204,0,0,0,0,11,11,5
205,0,0,1,0,10,10,5
206,0,0,0,0,11,11,5
207,0,0,10,0,1,10,3
208,0,0,0,0,11,11,5
209,0,11,0,0,0,11,2
210,0,0,0,2,9,9,5
211,0,1,0,0,10,10,5
212,0,0,0,0,11,11,5
213,0,0,0,3,8,8,5
214,0,0,10,0,1,10,3
215,0,0,0,1,10,10,5
216,0,0,0,0,11,11,5
217,0,0,0,0,11,11,5
218,0,11,0,0,0,11,2
219,0,0,0,0,11,11,5
220,0,7,0,0,4,7,2
221,1,0,11,0,0,11,3
222,0,0,11,0,0,11,3
223,0,10,0,0,1,10,2
224,0,0,0,8,3,8,4
225,0,0,6,0,5,6,3
226,0,7,4,0,2,7,2
227,0,0,9,0,2,9,3
228,0,9,1,6,2,9,2
229,0,0,0,0,11,11,5
230,0,0,0,0,11,11,5
231,0,0,10,0,1,10,3
232,0,0,0,0,11,11,5
233,0,8,0,0,3,8,2
234,0,0,0,0,11,11,5
235,1,6,0,0,4,6,2
236,0,1,0,0,10,10,5
237,0,0,10,0,1,10,3
238,0,11,0,0,0,11,2
239,0,10,0,0,1,10,2
240,0,10,0,0,1,10,2
241,0,11,0,0,0,11,2
242,0,10,0,0,1,10,2
243,0,6,2,1,2,6,2
244,0,1,0,0,10,10,5
245,0,0,6,0,5,6,3
246,0,0,0,8,3,8,4
247,0,10,0,0,1,10,2
248,0,0,1,0,10,10,5
249,0,0,0,0,11,11,5
250,0,1,0,0,10,10,5
251,0,0,0,0,11,11,5
252,0,9,0,0,2,9,2
253,0,0,0,1,10,10,5
254,1,0,0,5,6,6,5
255,0,0,0,0,11,11,5
256,0,0,0,0,11,11,5
257,0,0,0,0,11,11,5
258,0,0,0,0,11,11,5
259,0,0,0,0,11,11,5
260,0,0,0,0,11,11,5
261,0,0,0,0,11,11,5
262,1,0,0,0,10,10,5
263,0,0,0,0,11,11,5
264,0,0,0,0,11,11,5
265,0,0,0,0,11,11,5
266,0,10,0,0,1,10,2
267,0,0,0,0,11,11,5
268,0,0,10,1,1,10,3
269,0,0,0,0,11,11,5
270,0,1,8,0,2,8,3
271,0,0,3,0,8,8,5
272,0,1,0,1,10,10,5
273,1,2,0,0,8,8,5
274,0,0,0,0,11,11,5
275,0,0,0,0,11,11,5
276,0,0,11,0,0,11,3
277,0,10,0,0,1,10,2
278,0,0,0,0,11,11,5
279,0,1,7,0,3,7,3
280,0,0,0,0,11,11,5
281,0,0,0,0,11,11,5
282,0,0,1,9,1,9,4
283,0,0,0,10,1,10,4
284,0,1,9,0,1,9,3
285,0,1,5,1,5,5,3
286,0,0,0,0,11,11,5
287,1,8,1,0,2,8,2
288,0,1,0,0,10,10,5
289,0,0,0,0,11,11,5
290,0,0,0,0,11,11,5
291,0,0,8,0,3,8,3
292,0,1,0,0,10,10,5
293,0,0,0,0,11,11,5
294,1,7,0,0,3,7,2
295,0,8,0,0,3,8,2
296,0,0,0,1,10,10,5
297,0,0,0,0,11,11,5
298,0,0,0,0,11,11,5
299,0,0,0,0,11,11,5
300,0,1,0,0,10,10,5
301,0,0,0,0,11,11,5
302,0,0,0,0,11,11,5
303,0,0,1,0,10,10,5
304,0,3,0,0,8,8,5
305,0,9,0,0,2,9,2
306,1,0,0,0,10,10,5
307,0,0,0,0,11,11,5
308,0,0,0,0,11,11,5
309,0,0,11,0,0,11,3
310,0,0,1,0,10,10,5
311,0,1,2,0,8,8,5
312,0,0,1,0,10,10,5
313,0,10,0,0,1,10,2
314,0,9,0,0,2,9,2
315,0,0,8,0,3,8,3
316,0,0,0,0,11,11,5
317,0,11,0,0,0,11,2
318,0,10,0,0,1,10,2
319,0,10,0,0,1,10,2
320,0,10,0,0,1,10,2
321,0,0,0,0,11,11,5
322,0,0,11,1,0,11,3
323,0,0,0,0,11,11,5
324,0,0,0,1,10,10,5
325,0,0,9,0,2,9,3
326,0,0,0,0,11,11,5
327,0,0,0,0,11,11,5
328,0,0,0,0,11,11,5
329,0,0,0,0,11,11,5
330,0,0,0,0,11,11,5
331,0,0,0,0,11,11,5
332,0,0,0,0,11,11,5
333,0,11,0,0,0,11,2
334,0,10,0,0,1,10,2
335,0,0,0,6,5,6,4
336,0,0,0,0,11,11,5
337,0,0,10,0,1,10,3
338,0,1,0,0,10,10,5
339,0,0,0,0,11,11,5
340,0,0,0,0,11,11,5
341,0,2,0,0,9,9,5
342,0,11,0,0,0,11,2
343,0,6,0,0,5,6,2
344,0,0,0,0,11,11,5
345,0,0,0,0,11,11,5
346,0,0,1,0,10,10,5
347,0,0,0,0,11,11,5
348,0,8,0,0,3,8,2
349,1,10,0,0,1,10,2
350,0,0,0,1,10,10,5
351,0,0,0,0,11,11,5
352,0,0,0,0,11,11,5
353,0,0,0,0,11,11,5
354,0,1,0,3,7,7,5
355,0,0,2,0,9,9,5
356,0,0,9,0,2,9,3
357,0,0,0,0,11,11,5
358,0,0,3,0,8,8,5
359,0,0,0,0,11,11,5
360,0,0,0,0,11,11,5
361,1,0,9,0,1,9,3
362,0,0,2,0,9,9,5
363,0,0,0,0,11,11,5
364,0,0,0,0,11,11,5
365,0,0,0,0,11,11,5
366,1,1,0,0,9,9,5
367,0,0,0,0,11,11,5
368,0,0,0,0,11,11,5
369,0,0,0,1,10,10,5
370,0,2,0,0,9,9,5
371,0,1,0,0,10,10,5
372,0,0,0,0,11,11,5
373,0,0,0,0,11,11,5
374,0,0,1,0,10,10,5
375,0,11,0,0,0,11,2
376,0,0,0,0,11,11,5
377,8,9,0,0,2,9,2
378,0,0,0,0,11,11,5
379,0,0,0,0,11,11,5
380,0,1,0,0,10,10,5
381,0,0,0,0,11,11,5
382,0,5,1,0,5,5,2
383,0,11,0,0,0,11,2
384,0,2,0,0,9,9,5
385,0,5,4,0,2,5,2
386,0,0,0,0,11,11,5
387,0,1,0,0,10,10,5
388,0,3,0,0,8,8,5
389,0,0,0,0,11,11,5
390,0,10,0,0,1,10,2
391,0,0,0,0,11,11,5
392,0,0,10,0,1,10,3
393,0,0,8,0,3,8,3
394,0,0,9,0,2,9,3
395,0,0,11,0,0,11,3
396,0,0,8,0,3,8,3
397,0,0,0,0,11,11,5
398,1,0,0,0,10,10,5
399,0,10,0,0,1,10,2
400,0,0,0,0,11,11,5
401,0,0,0,2,9,9,5
402,0,10,0,0,1,10,2
403,1,9,0,0,2,9,2
404,0,0,0,0,11,11,5
405,0,0,0,0,11,11,5
406,0,0,0,0,11,11,5
407,0,0,0,3,8,8,5
408,0,4,1,6,3,6,4
409,0,0,0,1,10,10,5
410,0,0,0,0,11,11,5
411,0,5,1,0,6,6,5
412,1,9,0,0,1,9,2
413,1,0,10,0,0,10,3
414,0,0,0,0,11,11,5
415,1,0,0,0,10,10,5
416,0,0,0,0,11,11,5
417,0,0,0,0,11,11,5
418,0,0,8,0,3,8,3
419,0,1,0,0,10,10,5
420,0,0,0,0,11,11,5
421,0,0,0,0,11,11,5
422,0,0,0,0,11,11,5
423,0,3,0,0,8,8,5
424,1,0,10,0,0,10,3
425,0,0,10,0,1,10,3
426,0,0,11,0,0,11,3
427,0,0,0,0,11,11,5
428,3,0,0,0,8,8,5
429,0,0,9,0,2,9,3
430,0,0,0,0,11,11,5
431,0,0,0,0,11,11,5
432,11,0,0,1,0,11,1
433,0,0,0,0,11,11,5
434,0,0,0,0,11,11,5
435,0,0,0,0,11,11,5
436,0,8,0,0,3,8,2
437,0,0,0,0,11,11,5
438,0,0,0,0,11,11,5
439,0,0,0,0,11,11,5
440,0,11,0,0,0,11,2
441,0,0,0,0,11,11,5
442,0,0,10,0,1,10,3
443,0,10,0,0,1,10,2
444,0,0,11,0,0,11,3
445,0,0,10,0,1,10,3
446,0,0,0,0,11,11,5
447,0,0,10,0,1,10,3
448,0,0,0,0,11,11,5
449,0,0,11,0,0,11,3
450,0,0,0,0,11,11,5
451,0,0,1,0,10,10,5
452,0,1,0,5,6,6,5
453,0,0,0,0,11,11,5
454,0,0,8,0,3,8,3
455,8,10,0,0,1,10,2
456,0,0,0,0,11,11,5
457,1,0,0,1,10,10,5
458,0,0,10,0,1,10,3
459,0,0,9,0,2,9,3
460,0,0,8,0,3,8,3
461,0,0,0,0,11,11,5
462,0,0,0,0,11,11,5
463,0,0,11,0,0,11,3
464,0,0,10,0,1,10,3
465,0,0,0,0,11,11,5
466,0,0,2,0,9,9,5
467,0,0,0,0,11,11,5
468,0,0,0,0,11,11,5
469,0,1,3,0,8,8,5
470,0,0,0,0,11,11,5
471,0,0,0,0,11,11,5
472,0,0,0,0,11,11,5
473,0,0,0,0,11,11,5
474,0,10,0,0,1,10,2
475,0,10,0,0,1,10,2
476,0,0,0,0,11,11,5
477,0,0,11,0,0,11,3
478,0,0,0,0,11,11,5
479,0,0,0,0,11,11,5
480,0,0,1,0,10,10,5
481,0,0,0,0,11,11,5
482,0,2,0,0,9,9,5
483,0,0,0,0,11,11,5
484,0,0,10,0,1,10,3
485,0,0,0,10,1,10,4
486,0,0,0,0,11,11,5
487,1,0,0,0,10,10,5
488,0,0,10,0,1,10,3
489,0,0,0,0,11,11,5
490,0,0,0,1,10,10,5
491,0,0,2,0,9,9,5
492,0,0,2,7,3,7,4
493,0,0,1,0,10,10,5
494,0,0,0,10,1,10,4
495,0,0,0,1,10,10,5
496,0,10,0,0,1,10,2
497,0,0,0,11,0,11,4
498,0,0,0,0,11,11,5
499,0,0,1,0,10,10,5
500,0,0,0,0,11,11,5
501,0,0,0,0,11,11,5
502,0,0,0,0,11,11,5
503,0,0,10,0,1,10,3
504,0,10,0,0,1,10,2
505,0,0,0,10,1,10,4
506,0,3,0,0,8,8,5
507,0,1,10,0,0,10,3
508,0,11,0,0,0,11,2
509,0,0,1,0,10,10,5
510,0,0,1,0,10,10,5
511,0,0,11,0,0,11,3
512,0,0,10,0,1,10,3
513,0,0,1,0,10,10,5
514,0,0,1,0,10,10,5
515,0,0,0,0,11,11,5
516,0,0,10,0,1,10,3
517,0,0,0,0,11,11,5
518,0,7,0,0,4,7,2
519,0,6,0,0,5,6,2
520,0,10,0,0,1,10,2
521,0,0,0,0,11,11,5
522,0,1,0,0,10,10,5
523,1,0,1,0,9,9,5
524,0,0,8,0,3,8,3
525,0,0,0,0,11,11,5
526,0,10,0,0,1,10,2
527,0,0,0,0,11,11,5
528,0,0,11,0,0,11,3
529,0,0,0,0,11,11,5
530,0,0,0,0,11,11,5
531,0,0,0,0,11,11,5
532,0,0,2,0,9,9,5
533,0,0,1,0,10,10,5
534,0,0,0,0,11,11,5
535,0,0,0,0,11,11,5
536,0,0,0,2,9,9,5
537,0,0,3,0,8,8,5
538,0,0,5,0,6,6,5
539,0,0,0,0,11,11,5
540,0,10,0,0,1,10,2
541,0,11,0,0,0,11,2
542,0,0,1,0,10,10,5
543,0,0,0,0,11,11,5
544,0,0,1,0,10,10,5
545,0,0,0,0,11,11,5
546,0,0,0,0,11,11,5
547,0,0,11,0,0,11,3
548,0,1,0,0,10,10,5
549,1,10,0,0,0,10,2
550,0,0,10,0,1,10,3
551,0,0,2,2,7,7,5
552,0,0,11,0,0,11,3
553,0,0,0,0,11,11,5
554,0,0,0,0,11,11,5
555,0,1,0,7,3,7,4
556,0,0,1,0,10,10,5
557,0,0,0,10,1,10,4
558,0,0,0,0,11,11,5
559,0,0,0,0,11,11,5
560,0,0,5,0,6,6,5
561,0,0,0,0,11,11,5
562,0,0,0,0,11,11,5
563,0,1,0,0,10,10,5
564,0,0,2,0,9,9,5
565,0,0,1,0,10,10,5
566,0,0,1,1,9,9,5
567,0,0,1,0,10,10,5
568,0,0,0,0,11,11,5
569,0,0,0,0,11,11,5
570,0,0,9,0,2,9,3
571,0,0,0,0,11,11,5
572,0,0,0,0,11,11,5
573,0,1,0,0,10,10,5
574,0,10,0,0,1,10,2
575,0,0,0,0,11,11,5
576,0,0,0,0,11,11,5
577,0,1,0,0,10,10,5
578,0,5,2,0,4,5,2
579,0,0,0,3,8,8,5
580,0,0,0,0,11,11,5
581,0,0,0,0,11,11,5
582,0,0,0,5,6,6,5
583,0,0,1,0,10,10,5
584,0,0,0,0,11,11,5
585,1,0,0,0,10,10,5
586,0,0,0,0,11,11,5
587,1,0,2,0,8,8,5
588,0,0,0,0,11,11,5
589,0,0,0,0,11,11,5
590,0,0,0,0,11,11,5
591,0,0,5,0,6,6,5
592,0,0,0,2,9,9,5
593,0,0,1,0,10,10,5
594,0,1,0,0,10,10,5
595,0,0,1,0,10,10,5
596,0,0,0,0,11,11,5
597,0,0,0,0,11,11,5
598,0,1,0,0,10,10,5
599,0,0,0,0,11,11,5
600,0,11,0,0,0,11,2
601,0,0,1,0,10,10,5
602,0,1,0,0,10,10,5
603,0,11,0,0,0,11,2
604,0,0,1,0,10,10,5
605,0,1,1,0,9,9,5
606,0,0,11,0,0,11,3
607,0,10,0,0,1,10,2
608,0,0,0,0,11,11,5
609,0,0,0,0,11,11,5
610,0,0,0,0,11,11,5
611,0,0,11,0,0,11,3
612,0,10,0,0,1,10,2
613,0,8,0,0,3,8,2
614,0,0,0,0,11,11,5
615,4,7,8,0,2,8,3
616,0,0,0,0,11,11,5
617,0,1,4,0,6,6,5
618,0,10,0,0,1,10,2
619,0,0,4,0,7,7,5
620,0,0,0,0,11,11,5
621,0,0,1,0,10,10,5
622,0,0,1,0,10,10,5
623,0,1,0,0,10,10,5
624,0,1,0,0,10,10,5
625,0,1,0,0,10,10,5
626,0,0,1,0,10,10,5
627,0,1,0,0,10,10,5
628,0,0,2,0,9,9,5
629,0,0,5,0,6,6,5
630,3,0,0,0,8,8,5
631,0,0,9,0,2,9,3
632,0,0,0,0,11,11,5
633,0,0,0,0,11,11,5
634,0,8,0,0,3,8,2
635,0,10,0,0,1,10,2
636,0,10,0,0,1,10,2
637,0,0,1,1,9,9,5
638,0,0,0,0,11,11,5
639,0,0,0,0,11,11,5
640,0,0,0,0,11,11,5
641,0,5,0,0,6,6,5
642,0,0,0,0,11,11,5
643,0,0,10,0,1,10,3
644,0,0,0,0,11,11,5
645,2,4,8,6,3,8,3
646,0,0,9,0,2,9,3
647,0,0,0,0,11,11,5
648,0,0,0,0,11,11,5
649,0,10,0,5,1,10,2
650,0,0,0,0,11,11,5
651,0,0,0,0,11,11,5
652,0,10,0,0,1,10,2
653,0,0,0,0,11,11,5
654,0,0,0,0,11,11,5
655,0,0,0,0,11,11,5
656,0,10,0,0,1,10,2
657,0,0,10,0,1,10,3
658,0,0,0,0,11,11,5
659,0,0,0,0,11,11,5
660,0,0,0,0,11,11,5
661,0,8,0,0,3,8,2
662,0,0,0,0,11,11,5
663,0,0,0,0,11,11,5
664,0,0,0,0,11,11,5
665,0,0,0,0,11,11,5
666,0,9,0,0,2,9,2
667,0,9,0,7,2,9,2
668,0,0,0,0,11,11,5
669,0,0,10,0,1,10,3
670,0,0,0,0,11,11,5
671,0,0,4,0,7,7,5
672,0,0,0,0,11,11,5
673,0,2,0,0,9,9,5
674,0,3,0,0,8,8,5
675,0,0,0,0,11,11,5
676,0,0,1,0,10,10,5
677,0,0,0,0,11,11,5
678,0,0,10,0,1,10,3
679,0,0,0,0,11,11,5
680,0,0,0,0,11,11,5
681,0,10,0,0,1,10,2
682,0,0,0,7,4,7,4
683,0,0,2,0,9,9,5
684,0,0,0,2,9,9,5
685,0,0,9,0,2,9,3
686,0,0,0,0,11,11,5
687,0,0,0,0,11,11,5
688,0,0,0,0,11,11,5
689,0,0,0,0,11,11,5
690,1,0,1,0,9,9,5
691,0,0,0,0,11,11,5
692,0,0,0,10,1,10,4
693,0,6,0,0,5,6,2
694,0,0,0,2,9,9,5
695,5,9,0,0,2,9,2
696,0,4,0,0,7,7,5
697,0,0,1,0,10,10,5
698,0,0,10,0,1,10,3
699,0,0,0,0,11,11,5
700,0,0,10,0,1,10,3
701,0,0,0,0,11,11,5
702,0,0,0,0,11,11,5
703,0,0,0,0,11,11,5
704,0,0,1,0,10,10,5
705,0,0,1,0,10,10,5
706,0,0,0,0,11,11,5
707,0,2,0,0,9,9,5
708,0,0,0,0,11,11,5
709,0,0,1,0,10,10,5
710,0,0,0,0,11,11,5
711,0,10,0,0,1,10,2
712,0,0,0,0,11,11,5
713,0,0,0,0,11,11,5
714,0,0,2,0,9,9,5
715,0,10,0,0,1,10,2
716,0,0,0,0,11,11,5
717,0,0,10,0,1,10,3
718,0,0,0,0,11,11,5
719,5,7,0,0,4,7,2
720,0,0,0,0,11,11,5
721,0,0,0,5,6,6,5
722,0,10,0,0,1,10,2
723,0,0,0,0,11,11,5
724,0,0,0,0,11,11,5
725,0,3,0,0,8,8,5
726,0,0,8,0,3,8,3
727,0,0,1,0,10,10,5
728,0,0,0,0,11,11,5
729,0,0,0,0,11,11,5
730,0,2,0,0,9,9,5
731,0,6,0,0,5,6,2
732,0,0,1,0,10,10,5
733,0,1,0,0,10,10,5
734,0,0,9,0,2,9,3
735,0,0,0,0,11,11,5
736,0,0,9,0,2,9,3
737,0,0,0,0,11,11,5
738,0,0,9,0,2,9,3
739,0,9,0,1,2,9,2
740,0,0,0,0,11,11,5
741,0,0,0,0,11,11,5
742,0,0,0,0,11,11,5
743,0,0,9,0,2,9,3
744,0,0,9,0,2,9,3
745,0,0,5,0,6,6,5
746,0,10,0,0,1,10,2
747,7,0,9,0,2,9,3
748,0,0,5,0,6,6,5
749,0,10,0,0,1,10,2
750,0,0,10,0,1,10,3
751,0,0,0,0,11,11,5
752,0,0,0,0,11,11,5
753,0,0,7,0,4,7,3
754,0,0,0,4,7,7,5
755,0,0,0,0,11,11,5
756,0,0,0,0,11,11,5
757,0,1,0,0,10,10,5
758,0,0,0,2,9,9,5
759,0,0,1,0,10,10,5
760,0,0,7,0,4,7,3
761,0,0,0,2,9,9,5
762,0,0,0,0,11,11,5
763,0,0,0,0,11,11,5
764,0,0,0,0,11,11,5
765,0,8,0,0,3,8,2
766,0,1,0,0,10,10,5
767,0,0,1,0,10,10,5
768,0,0,10,0,1,10,3
769,0,0,0,0,11,11,5
770,0,0,9,0,2,9,3
771,0,0,0,0,11,11,5
772,0,0,0,0,11,11,5
773,0,10,0,0,1,10,2
774,0,0,0,0,11,11,5
775,0,9,0,8,2,9,2
776,0,0,10,0,1,10,3
777,0,0,0,0,11,11,5
778,0,9,0,0,2,9,2
779,0,0,10,0,1,10,3
780,0,8,0,0,3,8,2
781,0,0,0,4,7,7,5
782,0,0,1,0,10,10,5
783,0,0,0,0,11,11,5
784,0,0,9,0,2,9,3
785,0,0,0,0,11,11,5
786,0,0,0,0,11,11,5
787,0,0,0,0,11,11,5
788,0,0,0,0,11,11,5
789,0,0,10,0,1,10,3
790,0,0,8,0,3,8,3
791,0,0,0,0,11,11,5
792,0,0,0,0,11,11,5
793,0,0,0,0,11,11,5
794,0,0,0,0,11,11,5
795,0,0,0,0,11,11,5
796,0,9,0,0,2,9,2
797,0,0,0,0,11,11,5
798,0,0,9,0,2,9,3
799,0,0,9,0,2,9,3
800,0,0,0,0,11,11,5
801,0,0,0,0,11,11,5
802,0,0,0,0,11,11,5
803,0,0,0,0,11,11,5
804,0,0,7,0,4,7,3
805,0,0,0,0,11,11,5
806,0,0,0,0,11,11,5
807,0,0,0,0,11,11,5
808,0,0,3,0,8,8,5
809,0,0,0,0,11,11,5
810,0,0,0,0,11,11,5
811,0,0,0,9,2,9,4
812,0,0,0,0,11,11,5
813,0,0,0,0,11,11,5
814,0,0,8,0,3,8,3
815,0,0,0,0,11,11,5
816,0,0,0,0,11,11,5
817,0,0,0,0,11,11,5
818,0,0,1,0,10,10,5
819,0,0,1,0,10,10,5
820,0,1,0,0,10,10,5
821,0,0,0,0,11,11,5
822,0,0,9,0,2,9,3
823,0,0,0,0,11,11,5
824,0,4,0,0,7,7,5
825,0,0,0,0,11,11,5
826,0,0,0,0,11,11,5
827,0,0,9,0,2,9,3
828,0,0,0,2,9,9,5
829,0,9,0,0,2,9,2
830,0,8,0,0,3,8,2
831,0,0,9,0,2,9,3
832,0,0,0,0,11,11,5
833,0,10,0,0,1,10,2
834,0,10,0,0,1,10,2
835,0,0,10,0,1,10,3
836,0,0,10,0,1,10,3
837,0,1,0,0,10,10,5
838,0,0,0,0,11,11,5
839,0,0,10,0,1,10,3
840,0,0,0,0,11,11,5
841,0,0,0,0,11,11,5
842,0,1,0,0,10,10,5
843,0,0,6,0,5,6,3
844,0,1,0,0,10,10,5
845,0,0,0,0,11,11,5
846,0,0,0,0,11,11,5
847,0,0,9,0,2,9,3
848,0,10,0,0,1,10,2
849,0,0,0,0,11,11,5
850,0,0,10,0,1,10,3
851,0,0,0,0,11,11,5
852,0,0,0,0,11,11,5
853,0,0,0,0,11,11,5
854,0,0,9,0,2,9,3
855,0,0,0,0,11,11,5
856,0,10,0,0,1,10,2
857,0,0,0,0,11,11,5
858,0,0,0,0,11,11,5
859,0,0,0,0,11,11,5
860,0,0,10,0,1,10,3
861,0,0,0,0,11,11,5
862,0,0,10,0,1,10,3
863,0,9,0,0,2,9,2
864,0,0,0,0,11,11,5
865,0,10,0,0,1,10,2
866,0,0,0,0,11,11,5
867,0,0,0,0,11,11,5
868,0,0,0,0,11,11,5
869,0,0,9,0,2,9,3
870,0,0,0,0,11,11,5
871,0,0,0,0,11,11,5
872,0,0,10,0,1,10,3
873,1,0,6,0,5,6,3
874,0,8,0,0,3,8,2
875,0,0,0,0,11,11,5
876,0,0,0,0,11,11,5
877,0,9,0,0,2,9,2
878,0,9,0,0,2,9,2
879,0,8,0,0,3,8,2
880,0,9,0,0,2,9,2
881,0,0,0,0,11,11,5
882,0,0,0,0,11,11,5
883,0,1,0,0,10,10,5
884,0,0,10,0,1,10,3
885,0,0,0,0,11,11,5
886,0,0,1,0,10,10,5
887,0,0,0,0,11,11,5
888,0,0,0,0,11,11,5
889,0,0,0,0,11,11,5
890,0,0,0,0,11,11,5
891,0,0,0,3,8,8,5
892,0,0,0,0,11,11,5
893,0,0,0,0,11,11,5
894,0,0,0,0,11,11,5
895,0,0,0,0,11,11,5
896,0,8,0,0,3,8,2
897,0,0,0,0,11,11,5
898,5,0,9,0,2,9,3
899,0,0,9,0,2,9,3
900,0,0,2,0,9,9,5
901,0,0,8,0,3,8,3
902,0,0,3,0,8,8,5
903,0,0,10,0,1,10,3
904,0,2,0,9,2,9,4
905,0,8,0,0,3,8,2
906,0,0,0,0,11,11,5
907,0,0,0,0,11,11,5
908,0,9,0,0,2,9,2
909,0,8,0,0,3,8,2
910,0,0,0,3,8,8,5
911,0,0,0,0,11,11,5
912,0,0,1,0,10,10,5
913,0,9,0,0,2,9,2
914,0,0,1,0,10,10,5
915,0,0,0,0,11,11,5
916,0,0,0,0,11,11,5
917,0,0,9,0,2,9,3
918,0,0,0,0,11,11,5
919,0,0,0,0,11,11,5
920,0,0,0,0,11,11,5
921,0,0,0,0,11,11,5
922,0,0,0,0,11,11,5
923,0,8,0,8,2,8,2
924,0,0,6,0,5,6,3
925,0,1,0,0,10,10,5
926,0,0,0,0,11,11,5
927,0,0,0,0,11,11,5
928,0,0,0,10,1,10,4
929,0,0,0,0,11,11,5
930,0,0,4,0,7,7,5
931,0,0,0,4,7,7,5
932,0,0,0,0,11,11,5
933,0,10,0,0,1,10,2
934,0,0,0,0,11,11,5
935,0,0,2,0,9,9,5
936,0,4,0,7,3,7,4
937,0,0,0,0,11,11,5
938,0,0,0,0,11,11,5
939,0,0,0,0,11,11,5
940,0,0,0,0,11,11,5
941,0,0,0,0,11,11,5
942,0,9,0,9,2,9,2
943,0,0,8,1,3,8,3
944,0,0,0,0,11,11,5
945,0,0,0,0,11,11,5
946,6,10,0,0,1,10,2
947,0,9,0,0,2,9,2
948,0,0,7,0,4,7,3
949,0,0,1,0,10,10,5
950,0,0,10,0,1,10,3
951,0,10,0,0,1,10,2
952,0,0,0,0,11,11,5
953,0,0,10,0,1,10,3
954,0,10,0,0,1,10,2
955,0,0,0,0,11,11,5
956,0,0,0,0,11,11,5
957,0,10,0,0,1,10,2
958,0,0,0,0,11,11,5
959,0,0,0,0,11,11,5
960,0,0,0,0,11,11,5
961,10,0,0,0,1,10,1
962,0,0,0,0,11,11,5
963,0,0,10,0,1,10,3
964,0,0,0,0,11,11,5
965,0,0,0,0,11,11,5
966,0,0,8,0,3,8,3
967,0,0,0,0,11,11,5
968,0,0,0,0,11,11,5
969,0,10,0,0,1,10,2
970,0,9,0,0,2,9,2
971,0,0,0,0,11,11,5
972,0,0,10,0,1,10,3
973,0,0,0,0,11,11,5
974,0,0,10,0,1,10,3
975,0,0,10,0,1,10,3
976,0,0,0,4,7,7,5
977,0,10,0,0,1,10,2
978,0,0,9,0,2,9,3
979,0,0,0,0,11,11,5
980,0,0,0,0,11,11,5
981,0,9,0,0,2,9,2
982,0,9,0,0,2,9,2
983,0,2,8,0,3,8,3
984,9,0,7,0,2,9,1
985,0,0,0,0,11,11,5
986,0,0,0,0,11,11,5
987,0,0,10,0,1,10,3
988,0,0,0,0,11,11,5
989,0,0,0,0,11,11,5
990,0,0,0,0,11,11,5
991,0,10,0,0,1,10,2
992,0,0,8,0,3,8,3
993,0,0,0,0,11,11,5
994,0,0,1,0,10,10,5
995,0,5,0,0,6,6,5
996,0,0,0,0,11,11,5
997,0,0,0,0,11,11,5
998,0,0,0,0,11,11,5
999,0,0,0,0,11,11,5
1000,0,0,0,0,11,11,5
